Vehicle_ID,Vehicle_Type,Speed,Distance_Traveled,Acceleration,Weather
Vehicle1,Bus,69.82607220365465,176.47570855637971,4.545002762254707,Snowy
Vehicle2,Truck,29.785166314534074,70.14003829727882,3.5660602764389617,Snowy
Vehicle3,Bus,68.74623410387575,86.05632086715732,2.0987272148648795,Snowy
Vehicle4,Car,53.82810018598511,144.99582516857802,2.5134616646628585,Snowy
Vehicle5,Bus,84.64424595528118,108.75688172538008,1.9538684561366257,Snowy
Vehicle6,Bus,35.52582238383559,130.0123049735732,2.388125963955797,Snowy
Vehicle7,Car,81.60259498577543,99.77401220374583,3.020098157005192,Rainy
Vehicle8,Bus,101.38395944432266,49.8080200621561,3.1150146669631797,Snowy
Vehicle9,Bus,67.36109289380828,105.12651657630695,4.5180227983588,Clear
Vehicle10,Bus,33.564693199340425,35.62618588922115,2.974777495740535,Rainy
Vehicle11,Truck,63.70800723873501,45.95508821166222,2.5338724163869792,Clear
Vehicle12,Car,36.47824170363865,14.24212243491948,2.5742237675694457,Snowy
Vehicle13,Truck,49.95289014464207,55.82009638282078,5.264900552978648,Clear
Vehicle14,Car,40.5747671742797,92.38791730018562,1.829682703276722,Snowy
Vehicle15,Car,82.2863568056701,91.0488375851866,3.415979656714605,Snowy
Vehicle16,Bus,59.81244183910091,138.66291315462462,2.925736473482016,Clear
Vehicle17,Bus,69.22187665333888,58.865079029534456,1.3224409643619526,Rainy
Vehicle18,Truck,85.20837672500205,92.19813533896121,5.1178020958021015,Clear
Vehicle19,Car,65.95092894142215,133.44608121836353,2.1073651199143857,Rainy
Vehicle20,Car,74.77577836229703,58.51513549455728,1.5104467313244943,Rainy
Vehicle21,Truck,75.85501437221612,113.6027695566798,3.645014557309941,Clear
Vehicle22,Car,59.183507182390265,128.6025055822074,1.5897913475697258,Rainy
Vehicle23,Car,61.0024774426974,67.04840042202278,4.012341946877476,Clear
Vehicle24,Truck,53.082837538001456,32.043898893902295,3.96665001208947,Clear
Vehicle25,Truck,59.74390019030424,114.30737177603983,2.752122035784351,Clear
Vehicle26,Truck,63.055336380315474,107.91358663455392,4.138704372770039,Rainy
Vehicle27,Car,86.14693698678002,74.11710268583131,3.0855368162862247,Clear
Vehicle28,Bus,52.678169881502086,9.29757654731381,0.41699947682496497,Clear
Vehicle29,Bus,86.49016577834743,107.99806659888206,1.749661366707152,Rainy
Vehicle30,Bus,43.80934576150578,95.7793284945239,4.672203271491601,Clear
Vehicle31,Car,37.69559039096821,119.1145204698103,0.09357065631412853,Clear
Vehicle32,Truck,108.05917607403461,108.75092905953247,1.4181482062626352,Rainy
Vehicle33,Truck,54.54076604483741,60.180605868729614,4.3972799134353,Rainy
Vehicle34,Car,75.26567735724002,150.97244089908105,2.459684154483603,Rainy
Vehicle35,Car,48.46134650618158,73.87168686301456,2.528607504393752,Clear
Vehicle36,Bus,77.75151685371924,93.6240996058131,4.241667875166268,Rainy
Vehicle37,Bus,57.82255297853959,60.76548527094648,3.6413791455208266,Rainy
Vehicle38,Truck,39.549313043617204,89.78897023804099,2.6556534313256996,Clear
Vehicle39,Truck,89.8931012107708,142.65420741468526,1.9306536700270613,Rainy
Vehicle40,Truck,58.386077845760184,8.771080887477325,5.005890127557555,Rainy
Vehicle41,Truck,67.07533072019027,83.1029089663591,2.343943360610397,Clear
Vehicle42,Car,13.778249044382306,168.1215649408519,2.401370858245625,Clear
Vehicle43,Bus,48.086315643410046,112.37062395128277,1.9082977250340123,Snowy
Vehicle44,Bus,40.494965024784186,64.46159446198405,2.029219966984617,Rainy
Vehicle45,Truck,71.4838635265064,59.91735007479023,2.2925743368092943,Snowy
Vehicle46,Car,32.28034233629017,151.52122317707844,3.673998071858038,Rainy
Vehicle47,Bus,85.64729154571687,146.14496441485872,5.1117295946831165,Clear
Vehicle48,Car,74.9636900671216,139.44255870534636,3.168268351408628,Clear
Vehicle49,Bus,70.39527188745785,48.17033199672996,2.504338777071294,Clear
Vehicle50,Car,33.254788775566176,124.5340730088308,3.9235665218744855,Clear
Vehicle51,Truck,49.30855018453353,168.93110288778882,3.3004159128084636,Snowy
Vehicle52,Car,62.83374250060996,86.71414721858407,4.673660435612127,Clear
Vehicle53,Truck,18.15890369239697,50.66343904644853,3.424900992890147,Rainy
Vehicle54,Car,55.13079857062898,131.5108316520693,4.722187786691489,Rainy
Vehicle55,Car,73.35431797971563,170.44057187016136,2.9620920158450983,Clear
Vehicle56,Car,89.92248261724953,80.2752022180208,2.8604901694113787,Rainy
Vehicle57,Bus,41.57091467649988,3.168646806307123,3.0595551622629453,Clear
Vehicle58,Truck,46.39510213306141,179.93184707291664,3.342989321955553,Clear
Vehicle59,Truck,66.4549757881079,50.84945671980017,3.254841884898089,Clear
Vehicle60,Truck,40.57080790297122,135.8971062662687,3.2747919622625514,Snowy
Vehicle61,Truck,62.341119195749016,126.37591195551903,2.778898484928189,Clear
Vehicle62,Truck,63.23166542644654,57.69708252903815,2.574459956432725,Clear
Vehicle63,Truck,46.32889611759329,147.93914975490333,3.013611964738224,Rainy
Vehicle64,Truck,75.07387353139956,90.42097809089584,2.357764353004557,Clear
Vehicle65,Bus,81.17291970930766,154.42503060610838,2.7868037334253666,Snowy
Vehicle66,Truck,53.399307463550045,-1.5643088248654067,2.21436684467272,Snowy
Vehicle67,Truck,35.38123910271895,162.3424690382104,1.802866176234538,Rainy
Vehicle68,Car,47.88072955968665,79.39774906885829,4.293931097937283,Clear
Vehicle69,Bus,60.42025737649684,81.76394339968184,2.8750898891353667,Snowy
Vehicle70,Car,37.75210029969465,56.12183315112863,2.83234145927494,Clear
Vehicle71,Bus,48.54094629569501,1.894446207132674,3.1748900248219765,Snowy
Vehicle72,Bus,53.94437653642475,48.191134949903095,3.6770477826031467,Rainy
Vehicle73,Truck,90.07536800938014,61.14840125313497,1.9588826417717071,Clear
Vehicle74,Truck,89.7779311745775,164.6658600584958,3.107308163099335,Rainy
Vehicle75,Truck,70.31923371286334,84.50332218476542,2.9064728397630915,Snowy
Vehicle76,Bus,62.97226470712332,36.4446703302426,2.2904779092569463,Clear
Vehicle77,Truck,89.49038204455596,169.64949897591202,2.732181365786137,Clear
Vehicle78,Car,71.38869380103117,76.22261635587404,4.6301390102912805,Rainy
Vehicle79,Bus,41.09192110378134,106.12981096972062,1.7995721208183286,Clear
Vehicle80,Car,36.93013489108801,-14.907571137931953,2.035661578583604,Clear
Vehicle81,Car,39.64870021294139,121.53546942838423,3.1286502754222187,Snowy
Vehicle82,Truck,67.3303453080666,100.90932900763012,4.01546002698136,Rainy
Vehicle83,Car,68.77837823664447,129.79009774477254,2.0410827180457503,Clear
Vehicle84,Car,87.08751118843004,135.0769954396677,2.060004521766932,Snowy
Vehicle85,Bus,46.0141965323196,158.6912314356345,3.7492851064563606,Snowy
Vehicle86,Car,65.32936898524213,83.79158740296853,1.5891421210316126,Snowy
Vehicle87,Bus,59.021662480337085,81.8361831149953,3.5153895892514844,Snowy
Vehicle88,Bus,82.09447226922121,87.47341461804562,2.9124339577972433,Clear
Vehicle89,Bus,46.12553550754982,109.4196690308579,1.525805000444616,Rainy
Vehicle90,Car,48.33327758964735,53.829999467698435,4.075764639602415,Clear
Vehicle91,Car,93.58289453396262,69.73851872544108,3.85260590239685,Snowy
Vehicle92,Car,38.72577827264072,118.02773345678314,2.6006771732024174,Snowy
Vehicle93,Truck,54.19042481264273,44.328572136367605,4.648127255564855,Rainy
Vehicle94,Truck,82.47376963708916,113.17084090857304,3.277309980835954,Rainy
Vehicle95,Truck,79.89155239385782,125.86467227339497,3.4477985885614646,Snowy
Vehicle96,Car,79.52334964914876,66.36949106752024,2.588736854173258,Snowy
Vehicle97,Car,42.65544720346213,159.8896815719421,1.7458008111017551,Rainy
Vehicle98,Car,21.035663724240898,131.09398250289877,2.3056224135135053,Snowy
Vehicle99,Bus,77.14580962643495,57.76808737960747,2.060231902015273,Rainy
Vehicle100,Bus,41.86342147717107,196.13402107021923,3.353461981866619,Clear
Vehicle101,Car,58.93263673891232,189.71733623350423,2.962588053296993,Snowy
Vehicle102,Truck,66.77637751590996,45.2340079692638,2.2015567759918353,Snowy
Vehicle103,Car,25.735363765243278,145.39131331249106,3.790429182151711,Clear
Vehicle104,Truck,30.31459687920634,141.05475220476686,2.3740705837175664,Snowy
Vehicle105,Truck,50.723324770813434,121.50213107375593,1.739723392658544,Clear
Vehicle106,Car,68.55696181499707,145.23969413462916,2.715258199792356,Snowy
Vehicle107,Truck,67.39325121089999,47.361157929738596,5.200051978796521,Rainy
Vehicle108,Bus,63.89246484202888,101.87579024632394,4.33677643406843,Snowy
Vehicle109,Car,47.77971545787391,79.06102623838943,3.5188430602828373,Snowy
Vehicle110,Car,64.39737856353975,79.57097778768913,3.9154419810471772,Clear
Vehicle111,Car,93.44259155744871,59.76282752430853,2.064473116987739,Rainy
Vehicle112,Bus,62.48716879924941,67.41957296169673,2.781087104524747,Snowy
Vehicle113,Truck,63.46536045378235,259.6661270953025,3.1252072763107948,Clear
Vehicle114,Bus,92.41935035530871,141.205806133537,3.4473004801976654,Rainy
Vehicle115,Truck,85.56915260476381,-6.258075982416628,3.2268048762892274,Clear
Vehicle116,Truck,65.16262055062356,7.391982125840357,4.71835749095827,Clear
Vehicle117,Truck,34.79322719969806,184.7338194385419,4.160475296678378,Clear
Vehicle118,Bus,53.488868790180064,94.86320674853748,2.367999849904501,Rainy
Vehicle119,Truck,77.06926839438358,138.91021762120215,2.558342759520263,Rainy
Vehicle120,Car,22.399412236594387,136.26245333451806,3.835577751843861,Clear
Vehicle121,Truck,43.93967166630964,61.83134778404099,2.5279505712739736,Snowy
Vehicle122,Truck,18.211652307097815,128.7342884623003,3.1988945727162563,Clear
Vehicle123,Bus,31.328841055729523,40.353043154078925,2.8076331006719295,Rainy
Vehicle124,Bus,67.98153432883545,89.05737486289718,1.6868791623369008,Rainy
Vehicle125,Car,19.71824070747151,105.19087397177665,3.7385812922710144,Rainy
Vehicle126,Truck,72.34085240061715,37.8594467768136,2.3884498977873716,Rainy
Vehicle127,Bus,79.61729653578365,177.90458329367954,1.9036820688487035,Rainy
Vehicle128,Car,83.35948460221817,-4.503056712154404,4.0341502752410054,Rainy
Vehicle129,Truck,55.0898635309569,92.3679390908761,2.1110257532429344,Snowy
Vehicle130,Bus,81.71408460902376,127.41532498099413,5.011775346169236,Snowy
Vehicle131,Truck,34.7270633542848,31.548980577139176,2.5498785956870424,Snowy
Vehicle132,Car,70.02258470456512,144.87800326689452,2.093049674278023,Snowy
Vehicle133,Truck,43.3129476482032,83.74354415866996,2.158453798892091,Snowy
Vehicle134,Car,46.13318341825605,113.24701143099118,1.909458526079945,Clear
Vehicle135,Bus,91.18078149815017,29.28911289722737,3.092537705367093,Clear
Vehicle136,Bus,68.24601589956801,123.93491752095349,2.854719755293939,Clear
Vehicle137,Bus,36.16083612151157,183.95177706001869,2.6430146120231823,Snowy
Vehicle138,Bus,71.78928759891808,153.2559218916295,4.074507794043693,Snowy
Vehicle139,Bus,32.35646959302683,88.77242106820589,1.6744506349359882,Rainy
Vehicle140,Car,64.57373913857205,191.96283285871885,3.2160402176293847,Rainy
Vehicle141,Car,42.09348371280251,104.41397365943756,3.666169027881442,Rainy
Vehicle142,Bus,72.80602087884144,96.27084185422724,3.077147699790878,Clear
Vehicle143,Bus,75.59407318315507,121.94818658998835,3.1111747359383215,Snowy
Vehicle144,Truck,69.97723591748321,102.24287891255824,3.4423751020716087,Rainy
Vehicle145,Truck,75.0895944753494,192.88844460067207,2.4371868478134004,Rainy
Vehicle146,Truck,82.28606364324187,95.39893870279496,2.62837995371065,Rainy
Vehicle147,Car,89.53558477466565,62.61851514143721,4.321600541850966,Clear
Vehicle148,Bus,79.78635383599843,104.71142132589628,1.9344466318433444,Rainy
Vehicle149,Car,35.83189797423044,129.08887854628242,2.708382993738191,Snowy
Vehicle150,Car,67.2130269094999,83.39511464615259,2.5880373967864823,Snowy
Vehicle151,Car,46.6521093671387,58.38969207250809,3.227264226692198,Rainy
Vehicle152,Car,31.549206401680983,120.4397970076846,2.418533969357525,Snowy
Vehicle153,Truck,58.122568688638054,73.20868622093127,2.752108503855319,Snowy
Vehicle154,Bus,76.95380324793682,97.01965594557586,3.906730287885437,Rainy
Vehicle155,Car,57.64959512334724,46.29510418925281,3.136927528555009,Clear
Vehicle156,Bus,36.52113482649763,136.91028852026145,2.6021695646773213,Clear
Vehicle157,Bus,51.454220004360494,119.96332221684372,2.2618813734246417,Clear
Vehicle158,Bus,33.61650761202512,70.78790605967646,2.7581579989832434,Clear
Vehicle159,Bus,43.17536334458665,151.3214146038796,0.6191891263651534,Snowy
Vehicle160,Truck,63.08554704637772,75.57039887748516,5.3731295115869795,Clear
Vehicle161,Car,49.4395109401068,-10.46661751252364,2.6324029833842815,Clear
Vehicle162,Truck,56.86856200692778,125.26103147532021,2.918878484891752,Clear
Vehicle163,Car,66.60371927802778,-21.405584552665303,3.6623163748484906,Clear
Vehicle164,Bus,63.441159008495404,111.08593889137542,3.0089021472645747,Snowy
Vehicle165,Truck,74.5324357673953,54.077783175558004,4.732898801392989,Clear
Vehicle166,Bus,90.11500809339815,50.53102476347298,3.2352522556058836,Clear
Vehicle167,Bus,77.85059672170976,148.20464987103952,4.9037875377239395,Rainy
Vehicle168,Truck,65.43887290000582,56.88859254858565,2.833689088074436,Snowy
Vehicle169,Truck,72.54780389782766,148.4706784629974,1.8265724711275646,Snowy
Vehicle170,Car,45.90605560621334,73.88226649654541,2.308902078078412,Clear
Vehicle171,Bus,68.27439781851561,189.36974407684986,3.153003072396632,Clear
Vehicle172,Car,61.36058082594024,105.40214366630126,1.4644422087765168,Clear
Vehicle173,Truck,88.07020296482207,52.11866976831973,2.632403333738239,Snowy
Vehicle174,Car,75.20288616057069,89.45630772021548,3.873939066764759,Rainy
Vehicle175,Truck,109.62485613761977,110.79231847520572,2.8585948392175426,Rainy
Vehicle176,Car,48.257432977445376,152.43806284040872,3.590121039784074,Rainy
Vehicle177,Car,49.929524319066516,94.05654262424241,1.7746681055607043,Rainy
Vehicle178,Bus,12.552603871472037,101.96268555614961,3.1551491555943385,Snowy
Vehicle179,Bus,45.433919064759365,153.04516997633345,1.9134784706002939,Clear
Vehicle180,Bus,50.29301288007096,118.15681424456125,4.115630740571655,Rainy
Vehicle181,Truck,27.993322747901516,118.37469338459572,2.054595747697505,Rainy
Vehicle182,Bus,68.8677445379337,116.59820536873318,3.0656206114482654,Clear
Vehicle183,Bus,72.73842269809039,98.81158337865905,2.2653585509697476,Clear
Vehicle184,Bus,33.87179339529216,114.50866226493446,2.565402390431241,Clear
Vehicle185,Truck,84.05974521059741,-49.49054094257136,2.402943143665155,Clear
Vehicle186,Truck,43.907646648254456,83.03621406073252,2.8341454263887385,Snowy
Vehicle187,Bus,36.20022560063397,19.741362324304262,2.4978107486932237,Rainy
Vehicle188,Car,66.93753616243697,84.94083837035076,3.0505095709220527,Snowy
Vehicle189,Car,45.024282250691584,82.67852445620348,2.629585311369875,Snowy
Vehicle190,Truck,57.53676671949062,88.24606065814545,2.296786614511661,Clear
Vehicle191,Truck,65.87334250962265,1.848181555942034,1.9041782144505819,Snowy
Vehicle192,Car,51.3326562067375,95.15808383937772,5.469754865077588,Rainy
Vehicle193,Truck,57.127085764151936,59.22609636563549,1.0265293628168974,Clear
Vehicle194,Bus,58.792452649430565,108.20655015953824,3.029211118229428,Clear
Vehicle195,Truck,55.1878275602302,54.325904285989886,4.169274016938097,Clear
Vehicle196,Bus,83.77727317424065,145.32184703477566,1.0047738992243587,Rainy
Vehicle197,Truck,89.83307266702275,179.85879319666483,3.6353684876745738,Rainy
Vehicle198,Car,35.47335268996969,93.88493289469243,2.231684931622825,Rainy
Vehicle199,Car,86.68203595270965,210.54710586800462,3.0626141340992405,Clear
Vehicle200,Bus,49.90778188659519,49.81816304806367,2.146141581902101,Snowy
Vehicle201,Truck,21.97337604661088,35.526864625172664,3.3399601046216167,Clear
Vehicle202,Car,81.07763634395099,179.44413897625446,2.6231713831199497,Snowy
Vehicle203,Truck,23.128641151402398,142.49604471633808,3.487136389911079,Snowy
Vehicle204,Bus,69.17142412993229,156.5685212335051,1.2192559433243975,Clear
Vehicle205,Bus,79.57976858061464,161.21756157923616,4.3887468813453046,Snowy
Vehicle206,Car,5.685004895999775,107.27073847709407,5.481948149441076,Clear
Vehicle207,Bus,84.03819309341398,161.9824263348395,1.67525162956722,Snowy
Vehicle208,Truck,52.58045037665627,160.673515146524,4.159255732289707,Snowy
Vehicle209,Bus,43.23550216044919,64.50120102577438,2.1937065923492396,Rainy
Vehicle210,Car,62.531033341847184,147.25484809391523,3.8026616343279165,Rainy
Vehicle211,Car,34.06642488807773,181.53607183980733,2.777563503926568,Rainy
Vehicle212,Truck,42.47603685220555,75.63182542401074,2.397473567511968,Clear
Vehicle213,Bus,58.059810151912835,50.48630103357277,2.3165274330227112,Snowy
Vehicle214,Bus,34.82673309957508,98.619603322277,4.003413562175664,Snowy
Vehicle215,Bus,54.26994647124863,98.13482757913788,2.428516803373734,Snowy
Vehicle216,Truck,67.73862676692939,90.51405544249519,3.3815407941922766,Clear
Vehicle217,Bus,78.13926058903596,149.89446224034197,5.615197840923702,Clear
Vehicle218,Car,67.68740754640196,110.21983749784779,2.6881229195742047,Clear
Vehicle219,Bus,51.445634312313814,129.17778253158224,3.63259461140741,Snowy
Vehicle220,Car,69.59326705531305,100.56919538224751,3.442652765016053,Clear
Vehicle221,Bus,77.85532144570814,113.10415704084468,0.6824668410004806,Rainy
Vehicle222,Bus,71.41710794654684,104.65326660852143,2.2188872823307917,Rainy
Vehicle223,Bus,95.59194456588409,113.43563154129721,2.5863309855193073,Clear
Vehicle224,Truck,84.10877598111921,184.9385549605243,1.3750690448646647,Snowy
Vehicle225,Bus,43.338497835631,141.40384373949973,2.9735121841978884,Rainy
Vehicle226,Car,53.439183781710376,159.7947558556726,2.467679877615021,Snowy
Vehicle227,Bus,67.90381493821472,137.09947088962178,3.0959839838358163,Rainy
Vehicle228,Truck,55.4155064916496,43.58795818315823,3.471496868638093,Rainy
Vehicle229,Car,71.78127271433566,10.470688433873349,2.774599021738635,Clear
Vehicle230,Car,36.39915339112565,111.17722789418046,2.7286260435309764,Snowy
Vehicle231,Bus,84.95270870596931,105.15008682256791,3.0501984375794784,Rainy
Vehicle232,Truck,90.53074419628372,64.8693822155915,4.078418048484126,Snowy
Vehicle233,Bus,47.32917549961234,79.62042137937254,1.8267143474888576,Snowy
Vehicle234,Car,55.34805399464302,89.945293384191,3.8169343066159485,Rainy
Vehicle235,Car,61.64701767384325,114.21314911856248,3.501720645186678,Clear
Vehicle236,Car,41.14946594437757,2.253455915482647,2.361170963090297,Clear
Vehicle237,Car,38.28777672544608,143.24365958035193,2.879307501530868,Clear
Vehicle238,Truck,71.75899765840485,91.57951508595966,3.1307032898997815,Clear
Vehicle239,Car,50.42411238494192,174.99716379559254,4.791004673236392,Rainy
Vehicle240,Bus,49.45144888837957,132.82078775874783,6.4188008614894425,Rainy
Vehicle241,Truck,58.66319367072037,99.55243992946889,2.585467333184373,Clear
Vehicle242,Truck,87.58739779534523,63.528515710753474,3.3731150482533883,Clear
Vehicle243,Bus,85.84663609197978,-4.256983536023952,3.2171558540675194,Snowy
Vehicle244,Car,112.19241917703752,47.48671129090026,2.2808738764155594,Rainy
Vehicle245,Truck,72.93138366182855,92.22236280299911,4.016225583604246,Snowy
Vehicle246,Truck,103.3113124117875,147.44482927898886,2.6426716966709423,Rainy
Vehicle247,Truck,58.28297372313957,158.5743332881455,2.226707182912583,Snowy
Vehicle248,Bus,67.4848225015297,132.57341271937264,2.078376918022644,Rainy
Vehicle249,Bus,49.57143842574712,35.25580466241108,2.5144746567706866,Rainy
Vehicle250,Truck,86.83511185012506,10.913399088470783,5.444317299724165,Snowy
Vehicle251,Car,55.10401844216841,100.44923118055821,3.1585876275724245,Rainy
Vehicle252,Truck,58.94984628178643,117.60563574838493,5.0701063578016505,Clear
Vehicle253,Car,48.51720186732879,70.00401506792163,4.640720964808714,Clear
Vehicle254,Truck,86.56170500035556,60.83420165999509,2.0164034118446774,Rainy
Vehicle255,Car,29.832904859578512,188.26792868554486,3.8988748373263937,Snowy
Vehicle256,Bus,61.37045754730913,122.59849747080479,4.232383799834824,Clear
Vehicle257,Bus,97.77873238629917,16.174754984556046,2.3424410923401604,Clear
Vehicle258,Car,62.44199445584176,57.49317130521053,1.7886778467309512,Clear
Vehicle259,Bus,50.37781586618601,183.11203139919297,2.6160523224083434,Rainy
Vehicle260,Car,45.96707050226955,36.64831373349625,3.9056648761213317,Snowy
Vehicle261,Bus,36.13470185907019,47.62923048315613,3.702008124268236,Snowy
Vehicle262,Bus,93.65969482662689,165.85723665043997,2.864632691897258,Clear
Vehicle263,Bus,85.97074724878506,84.9938496720237,3.570514007074279,Rainy
Vehicle264,Bus,40.10504206369515,125.98965377671303,0.9515220782636318,Snowy
Vehicle265,Bus,60.57658577214214,114.95993298938174,2.7051614161574085,Snowy
Vehicle266,Bus,62.23216859808406,202.69434730847664,2.5500294989053853,Clear
Vehicle267,Bus,71.15199519870258,90.33247150270037,2.700686946929593,Snowy
Vehicle268,Bus,71.90481420533425,119.54921657316201,3.0487246263834415,Clear
Vehicle269,Bus,66.70380583002039,100.0295339494409,3.0169320109818742,Snowy
Vehicle270,Truck,80.77781344411093,85.59407808599866,3.571530434155977,Snowy
Vehicle271,Bus,34.138404661612014,185.47135489597088,4.304041496510091,Clear
Vehicle272,Bus,54.78108885045373,81.8482593449415,1.5464627173922756,Rainy
Vehicle273,Bus,30.72787075264082,89.5442388436447,2.3424040633647607,Snowy
Vehicle274,Bus,62.55709297479202,91.15119006342302,3.5189987618516656,Rainy
Vehicle275,Truck,64.00992673000538,127.25449563610728,1.903621499734787,Clear
Vehicle276,Truck,103.09433822318653,148.88119579964595,3.089380340898906,Snowy
Vehicle277,Truck,53.503047082657545,127.75284465735132,5.193439257986272,Clear
Vehicle278,Truck,61.388680950915855,117.37245535709945,3.2644367376339765,Clear
Vehicle279,Truck,84.02807791686747,31.528813403700724,2.5244718447835184,Rainy
Vehicle280,Car,57.570145428116085,135.55215063539725,3.996864307420501,Rainy
Vehicle281,Car,79.92805582331334,146.09781013673174,2.000239079496474,Rainy
Vehicle282,Truck,70.52735649167826,74.58196800765964,2.7423317068269686,Snowy
Vehicle283,Truck,68.46549509576975,29.092405470141216,3.7482394811115283,Snowy
Vehicle284,Truck,50.77312022934063,127.10345136232415,3.165142189019706,Rainy
Vehicle285,Car,47.505336144666686,61.220751778822034,2.874093648129177,Rainy
Vehicle286,Truck,38.255162815550406,79.77240912028839,2.577999217471403,Clear
Vehicle287,Truck,72.29993998765366,47.58339220349186,3.658952575088776,Snowy
Vehicle288,Truck,32.552116891660404,78.43291244174969,3.3227689245298357,Rainy
Vehicle289,Car,85.07697038291735,140.82541258463684,3.6246498190143144,Rainy
Vehicle290,Car,81.34664987333456,171.62156290839494,2.734738537563574,Snowy
Vehicle291,Car,39.97202626603598,44.076632865380496,2.678737545925418,Snowy
Vehicle292,Bus,36.10413642287034,95.6425668148419,2.7880383208365638,Snowy
Vehicle293,Car,51.68044689029945,33.286393716991014,3.153458584941296,Clear
Vehicle294,Bus,43.67602949012901,186.24666742071818,1.9275642715159345,Rainy
Vehicle295,Bus,95.31376992591446,-16.320830979171248,2.394925905116115,Snowy
Vehicle296,Truck,64.88859524686434,71.38404972772965,4.759588207952488,Snowy
Vehicle297,Car,85.82205305338725,96.29219950750044,1.6453593660241774,Clear
Vehicle298,Truck,79.43483941287569,83.47167453508311,2.340238048520925,Rainy
Vehicle299,Car,67.95703709008357,89.17357155558045,3.6899199451066327,Rainy
Vehicle300,Bus,45.14549407515878,91.703665898484,4.646590070825696,Snowy
Vehicle301,Car,48.76964039897611,124.88170006993687,4.056982553082711,Snowy
Vehicle302,Bus,65.84416820788203,79.92753388508099,2.7914280835402203,Snowy
Vehicle303,Bus,102.97652211800015,180.66028076553562,4.662420539458072,Snowy
Vehicle304,Bus,83.1060440101613,72.9507191421176,5.237490138978576,Snowy
Vehicle305,Car,48.92849231196722,67.08652192822115,1.013540555335242,Rainy
Vehicle306,Car,90.95501499297065,87.39665717031427,3.3488032450969536,Clear
Vehicle307,Truck,104.87888845378751,96.00971598210131,4.486254205434072,Rainy
Vehicle308,Car,40.397394947698196,144.06117573532615,4.015896486181679,Rainy
Vehicle309,Car,24.966678911600482,99.05755121368698,2.459797533180005,Clear
Vehicle310,Car,60.172371406186386,28.342456052411762,1.8974257759714286,Clear
Vehicle311,Car,35.56872988642062,76.10894326377029,2.1650436021635464,Snowy
Vehicle312,Bus,53.79095517606025,191.69100879929323,3.7370917404903654,Clear
Vehicle313,Truck,82.6029275039489,62.39016887409926,2.988184566836064,Clear
Vehicle314,Truck,44.08971636938792,10.395078883672298,3.4283411019502004,Clear
Vehicle315,Car,59.54856307198032,144.80020305297683,1.7252610608024435,Snowy
Vehicle316,Truck,31.75064171248661,150.66795527490632,3.0034987438995313,Snowy
Vehicle317,Car,55.791487887379446,81.22039028544813,3.3974510408125607,Clear
Vehicle318,Car,45.75496001648185,87.62527572055177,2.5580156743526334,Rainy
Vehicle319,Bus,121.20788459921104,108.38312144979693,2.9163316087111886,Rainy
Vehicle320,Bus,-3.6531335876650814,126.51872464629791,2.93817864228912,Rainy
Vehicle321,Bus,33.13880587515449,117.12101151086475,3.028528912941488,Clear
Vehicle322,Truck,34.14565744969656,122.16004959718785,2.2760608234897535,Rainy
Vehicle323,Car,63.03573037577772,3.6291398870942118,2.8514671513183774,Rainy
Vehicle324,Car,35.13939185472744,120.2968612827969,2.1345545017584646,Snowy
Vehicle325,Car,90.73445517674257,55.301405397551164,4.914034824700771,Rainy
Vehicle326,Car,50.19458956714582,76.672637923106,2.6229728222232285,Snowy
Vehicle327,Bus,22.19468459867177,136.27019478093848,2.896497510958683,Clear
Vehicle328,Bus,54.7357986637627,70.45028658444349,3.462323857445896,Snowy
Vehicle329,Car,89.44435870915484,88.98129379331864,3.9065308046722915,Rainy
Vehicle330,Truck,86.09322761879457,62.325807201106436,2.570650615007865,Rainy
Vehicle331,Truck,16.01456936578888,106.19165323476533,2.769379142786856,Clear
Vehicle332,Car,27.02980682729808,127.99019315991615,2.8587768294888747,Clear
Vehicle333,Bus,52.290569232358315,16.603837354233647,1.4101437963093866,Clear
Vehicle334,Car,69.51967536831776,68.57005901897499,4.1799509668483115,Snowy
Vehicle335,Car,74.54725896131825,99.98233753424675,3.7207880873274486,Snowy
Vehicle336,Truck,74.33414194969237,72.56962725111477,1.49925380348041,Clear
Vehicle337,Truck,50.64061443578429,113.2600317107292,3.089405383293917,Snowy
Vehicle338,Bus,50.25909081087357,69.70934722035304,1.9147965841645649,Snowy
Vehicle339,Bus,48.7446962280368,175.77781051109207,2.369057591732666,Rainy
Vehicle340,Car,93.31318873558449,208.50699068494978,3.3549050009225123,Rainy
Vehicle341,Car,42.87495232506505,82.08725324075832,2.9153562051161943,Clear
Vehicle342,Car,23.527967496195508,142.10622289956592,2.033172195236251,Rainy
Vehicle343,Car,49.050786541112416,93.30881799791243,2.7042254980682516,Snowy
Vehicle344,Car,60.09235962742983,26.06218316595512,1.0267068560973087,Rainy
Vehicle345,Car,48.258474410681856,-24.034996599075868,2.8654508857682424,Clear
Vehicle346,Car,62.843230188699174,128.74456165370614,2.651998489167667,Rainy
Vehicle347,Truck,59.25305104620448,96.07370240564653,3.6918854440243676,Rainy
Vehicle348,Bus,91.08767709084535,71.9070968769523,2.3255934188098486,Clear
Vehicle349,Truck,52.972704082903256,29.662342881233002,3.0987692209348254,Rainy
Vehicle350,Car,56.01508800424509,124.39534240366592,3.1149995821027585,Clear
Vehicle351,Bus,79.28987708029557,169.7760815915756,3.0769852670288897,Snowy
Vehicle352,Truck,38.497777534738105,-19.010845954550987,2.9411667536647377,Clear
Vehicle353,Car,51.72924415203757,160.06795231951452,1.1653273422467296,Clear
Vehicle354,Bus,69.62396947792617,88.6310742785356,4.599282785824253,Rainy
Vehicle355,Truck,79.74302176738831,204.69154554924162,1.236335915943432,Rainy
Vehicle356,Truck,89.71146035550068,94.84489990376797,5.577848735371397,Snowy
Vehicle357,Bus,82.53696546306315,155.78934073239617,3.3112710712147604,Rainy
Vehicle358,Car,67.1999324909661,59.87233757856453,2.738415002051276,Snowy
Vehicle359,Truck,44.01870355839051,88.53652036121105,0.9809248094995393,Snowy
Vehicle360,Truck,73.85069291036457,176.43428524525032,2.38197132647731,Snowy
Vehicle361,Truck,91.58355774726402,31.057767876347157,4.1795452443095495,Rainy
Vehicle362,Bus,52.85901891107439,174.6549539115268,2.168504293382349,Snowy
Vehicle363,Car,65.02738840585576,78.13892544864197,1.830730093856661,Rainy
Vehicle364,Truck,90.1637972552809,41.30489596063961,4.096003619321147,Clear
Vehicle365,Bus,73.10424221333193,-19.56454366686006,4.567006893876636,Clear
Vehicle366,Bus,53.96302973030888,126.65025858799257,2.522405570043031,Clear
Vehicle367,Truck,51.41361390030242,66.94805122465091,3.2489426603402753,Clear
Vehicle368,Bus,31.47005132794524,66.57064686559117,2.332739268126907,Snowy
Vehicle369,Truck,74.19280408966438,100.78309535058726,3.0823324740864866,Rainy
Vehicle370,Car,59.96515039585395,109.94931362392889,4.083321351036997,Snowy
Vehicle371,Truck,40.51759809841783,13.316384124858871,1.202765895481715,Snowy
Vehicle372,Bus,56.28648984047542,202.0633667880581,2.7462696671940185,Snowy
Vehicle373,Bus,45.4139253743504,112.00033996192026,3.3510542560377834,Rainy
Vehicle374,Truck,75.14811590877265,79.5656928170379,2.181546476551231,Snowy
Vehicle375,Truck,43.646995541472236,82.95986455051684,4.193561989796175,Clear
Vehicle376,Truck,67.83431642427378,172.3595927029221,3.742041277098719,Rainy
Vehicle377,Truck,61.63098469912292,30.995280438862636,3.595083688588309,Clear
Vehicle378,Car,72.32292937237958,153.33847713893746,2.486736781278344,Clear
Vehicle379,Bus,91.65573925386866,125.38017891143191,4.841713088684996,Rainy
Vehicle380,Car,55.36021826003668,122.66258355197135,2.589608664495418,Rainy
Vehicle381,Bus,29.141209225193478,90.12116608480716,3.2685840163450677,Snowy
Vehicle382,Car,79.8267212925457,114.9911241954293,3.3457154343267566,Clear
Vehicle383,Truck,60.05765131291038,112.60301460628921,4.243902952423136,Clear
Vehicle384,Car,76.438140250098,1.6895595940120955,2.415483882072057,Clear
Vehicle385,Car,58.931889315163836,22.12618829554397,2.3971034431102876,Clear
Vehicle386,Bus,38.28962594745407,45.64519310305847,2.5675248559385304,Clear
Vehicle387,Bus,73.30363036509439,17.987954877321044,1.090583310012403,Snowy
Vehicle388,Bus,72.50279574356861,118.55954000130971,0.9854240254664051,Snowy
Vehicle389,Truck,66.30791198977099,46.000809631205406,3.3414927064083377,Clear
Vehicle390,Truck,49.38478323658794,151.10291948017948,2.4820932039630192,Rainy
Vehicle391,Bus,59.884715947060734,117.06304163396284,2.839030574355729,Snowy
Vehicle392,Truck,40.81247648444038,33.2614066150374,2.6112430794678105,Clear
Vehicle393,Car,57.46013880819457,83.61453968217118,3.9130678718615903,Rainy
Vehicle394,Car,55.5832818566488,130.8317268825615,3.2275021693419914,Clear
Vehicle395,Bus,49.68648850727756,30.92392803812544,3.0343550448847383,Rainy
Vehicle396,Car,66.8405841244732,153.83105684261346,2.5345421315197676,Rainy
Vehicle397,Truck,54.081579277299014,123.16397883522502,4.3059707496228015,Rainy
Vehicle398,Car,71.36857394148673,19.793730923354204,3.581349856354411,Rainy
Vehicle399,Car,68.32640194548532,96.4349453372089,1.8611279234702813,Clear
Vehicle400,Bus,60.70772280885728,74.83877251894697,1.9384407913696355,Snowy
Vehicle401,Bus,63.70869172453683,109.84797925809347,1.7197358835822458,Snowy
Vehicle402,Bus,43.526234848146714,14.232521859510499,2.333653720824119,Clear
Vehicle403,Truck,64.10540290260445,69.93621392368745,1.409381823482833,Rainy
Vehicle404,Bus,84.41843403679714,72.68951014358842,2.982885504455705,Snowy
Vehicle405,Car,47.93116520372037,100.50703025454145,4.267585492302931,Snowy
Vehicle406,Truck,51.61507572156198,117.75790890608836,3.7163366855247046,Rainy
Vehicle407,Truck,71.3818641571011,138.22999347436763,1.4214615687242411,Rainy
Vehicle408,Car,67.4025183901501,125.98677057999441,4.918898731127491,Snowy
Vehicle409,Truck,69.74998312166264,111.96452560827697,1.9226053773800282,Snowy
Vehicle410,Car,80.56365606425534,173.59837354286853,2.2627225644761637,Snowy
Vehicle411,Bus,84.30462006917763,101.18965725163805,3.275512725248396,Snowy
Vehicle412,Truck,39.02868746440442,151.58892619385625,3.0493066723921185,Rainy
Vehicle413,Bus,61.006434403527315,80.60309215910763,1.1479015718471992,Clear
Vehicle414,Car,105.48799639065385,99.04252958622699,3.757776686489586,Rainy
Vehicle415,Truck,65.37932155443247,64.02101285690239,4.8550527957057055,Rainy
Vehicle416,Truck,57.8609180302663,183.29240274174458,2.9749400895549343,Snowy
Vehicle417,Bus,44.5618822271273,112.63164683316568,2.745661390562721,Clear
Vehicle418,Bus,59.310277350669,166.9655447572517,1.9691258212625513,Snowy
Vehicle419,Truck,91.86504926357402,98.44748053798833,2.108479459530199,Snowy
Vehicle420,Bus,51.05042290548836,68.73051137495732,1.2924524383206177,Snowy
Vehicle421,Bus,82.77936880492669,108.903789397238,0.9816982492668456,Rainy
Vehicle422,Truck,48.491121117831455,56.30302720789075,2.899252851367346,Snowy
Vehicle423,Car,62.53217535141718,106.8310236324309,0.9603102578184752,Snowy
Vehicle424,Bus,56.76078375332661,57.87705664854463,4.269677822104861,Snowy
Vehicle425,Bus,65.87650466873822,186.81472029033702,2.8783967419561827,Clear
Vehicle426,Bus,52.35510288250393,144.72863197362733,3.8682341318903557,Snowy
Vehicle427,Bus,84.99323104274109,183.49918913205727,3.4344507208628468,Clear
Vehicle428,Truck,26.359164829620035,81.41513397156459,3.8554935186930592,Rainy
Vehicle429,Truck,49.86400228479497,192.65029729317916,2.152218288553571,Snowy
Vehicle430,Car,57.93843225589453,125.51456395750452,1.9025653457778324,Clear
Vehicle431,Car,33.52458216821366,56.3380723257843,2.8429735107071874,Snowy
Vehicle432,Car,57.75890348693619,200.03864934519868,5.105605805534664,Snowy
Vehicle433,Car,43.80650379196767,145.0105603711142,1.6488372308099573,Snowy
Vehicle434,Truck,82.66160351583153,120.6901043532313,4.429449723723697,Clear
Vehicle435,Car,94.6304721620402,119.94731178837687,3.4989400007329055,Clear
Vehicle436,Car,53.054928217762225,189.38309044484993,3.8865606801780084,Snowy
Vehicle437,Truck,43.97933760754675,30.63066796377379,4.199309091553136,Snowy
Vehicle438,Truck,27.96280981518943,204.09970391303554,2.1190647979050086,Snowy
Vehicle439,Truck,72.17921485122835,187.40521232192174,3.215513983622601,Clear
Vehicle440,Truck,59.469569019305226,122.75906106089747,4.377297615001699,Clear
Vehicle441,Truck,47.63685169532491,115.90859278588499,1.9126450220980975,Snowy
Vehicle442,Bus,42.25179370984,118.22247067334578,4.0980544871074915,Snowy
Vehicle443,Car,26.15368770947927,112.80220740844587,3.176499213776792,Clear
Vehicle444,Bus,70.04779198241339,103.83524049229146,1.6801241405904788,Snowy
Vehicle445,Bus,57.89166755169298,122.02252023734484,3.1662094078037497,Rainy
Vehicle446,Car,63.46190252830259,87.01556769020571,2.9536726400959172,Clear
Vehicle447,Car,83.00773915090822,160.24264862639095,2.316314110926563,Rainy
Vehicle448,Car,48.20149738251847,-27.034467751676146,4.975087288411999,Rainy
Vehicle449,Car,71.19723871504785,-16.749476400271732,2.0984526203624556,Rainy
Vehicle450,Bus,59.28563396534502,74.00409697618977,3.5769487644447753,Rainy
Vehicle451,Truck,90.69422686830201,103.61206707700308,2.3221776467925417,Rainy
Vehicle452,Bus,53.95352124317694,101.75412963158666,3.10192690588817,Rainy
Vehicle453,Bus,80.08965126595476,169.23011464183784,2.890170350959114,Clear
Vehicle454,Truck,21.44107442124009,111.38755616645619,3.4810936282272755,Rainy
Vehicle455,Bus,74.35634039398259,116.50914231109847,4.787580096554761,Clear
Vehicle456,Truck,47.041541167147145,32.68517900874198,2.070201451808545,Snowy
Vehicle457,Car,41.49199181375205,110.81797454499421,4.332062977747323,Rainy
Vehicle458,Bus,35.64025245580281,128.82933257681327,3.225180275495073,Snowy
Vehicle459,Bus,62.87432512582561,121.60626634412608,4.340957280309544,Snowy
Vehicle460,Bus,88.6984444529046,38.68732080695548,2.04814459888088,Snowy
Vehicle461,Bus,41.13319237781689,117.6427244906002,1.0332969883965106,Snowy
Vehicle462,Truck,64.46459591841746,191.26647548061993,4.273751832530909,Rainy
Vehicle463,Truck,90.37048288408062,67.28880416417309,2.6654444726728808,Rainy
Vehicle464,Bus,41.96094465064702,115.91454588183484,2.8160675472169063,Snowy
Vehicle465,Truck,48.91256798277371,159.6405266012971,3.051596829579247,Rainy
Vehicle466,Bus,56.95738510762057,64.06242786347173,3.6586979155569956,Rainy
Vehicle467,Truck,83.37555306123889,110.2529644135584,2.8980871846524483,Rainy
Vehicle468,Truck,52.87425378873734,77.08277431775134,3.6079268701995764,Snowy
Vehicle469,Bus,63.91257086431409,98.56953737464949,2.5720198675420973,Rainy
Vehicle470,Bus,87.40832107389318,65.99032272006832,2.704133086591763,Snowy
Vehicle471,Car,49.61264511034094,190.61201294254658,3.1047952408187327,Rainy
Vehicle472,Car,51.08262375113351,129.39597870209826,3.196800715218802,Rainy
Vehicle473,Bus,63.185404787496324,159.28402904082574,3.2023790393664187,Clear
Vehicle474,Car,80.60472890663563,121.13353172742913,2.38632798890677,Clear
Vehicle475,Truck,58.89771746402832,71.72477231233897,2.677926906403532,Snowy
Vehicle476,Truck,70.24803018615216,143.17209270926526,3.087899206963597,Clear
Vehicle477,Truck,62.30510629781468,106.12687166496136,2.1652072954996333,Rainy
Vehicle478,Car,84.96999022384102,89.23009391376993,3.8075309844461547,Rainy
Vehicle479,Car,41.758941587267735,169.23697894010314,1.3164851783316454,Snowy
Vehicle480,Car,62.798792679679025,109.46883070763855,0.883000751320056,Clear
Vehicle481,Truck,72.93780648655911,123.68151514567047,0.11403342517690485,Rainy
Vehicle482,Car,96.8417591734328,149.54552205484254,5.480636724173182,Clear
Vehicle483,Car,43.68408892569843,130.1261305501816,2.5563619409030776,Clear
Vehicle484,Car,54.2566694496593,149.78457659801865,2.429214426502371,Snowy
Vehicle485,Car,56.305495452144086,37.45936351931379,3.2017752552209955,Clear
Vehicle486,Car,106.47790642037239,89.47288699807842,3.184147151696,Rainy
Vehicle487,Bus,48.30706673249825,79.73429821708395,4.253051480016635,Clear
Vehicle488,Truck,48.94647773270661,46.508538221292554,3.8680161267600535,Rainy
Vehicle489,Car,58.72910405833792,94.65202858769044,1.5793722575432905,Clear
Vehicle490,Bus,62.65995888939225,133.02995459886526,3.063895522912018,Rainy
Vehicle491,Bus,60.94162401114142,39.27724033873537,2.371207674718567,Snowy
Vehicle492,Car,71.23558877611592,117.94539184989742,3.3501905792547957,Rainy
Vehicle493,Car,94.91575467944233,122.41213871591646,1.965551158792903,Rainy
Vehicle494,Truck,55.576148189746924,144.7457338140249,2.4096513475086216,Clear
Vehicle495,Car,51.167086267232946,84.28610788693246,1.3064837163773475,Clear
Vehicle496,Truck,79.48544217699421,-10.689962935329973,3.63290634521791,Snowy
Vehicle497,Car,90.29126716669806,165.33352921792215,2.7785983210082104,Rainy
Vehicle498,Car,65.80807247952008,163.64726800608807,2.0543539583038086,Clear
Vehicle499,Bus,50.4940124267647,99.010090102692,3.3342638803550413,Clear
Vehicle500,Truck,88.25925229681576,120.48711825956819,2.801829882814429,Rainy
Vehicle501,Car,67.57619596845748,122.28928837712431,2.1948444146116914,Snowy
Vehicle502,Truck,26.834947477514703,-22.842751958518505,1.6968382143642216,Clear
Vehicle503,Car,39.781942994844115,48.11478065469136,3.58453492598802,Clear
Vehicle504,Truck,61.27524556696387,107.26887544097444,3.614186666054477,Clear
Vehicle505,Truck,69.36518252907469,183.06024086137825,2.200564700567298,Rainy
Vehicle506,Bus,61.896182277510725,94.48261900211683,2.9531139959420423,Clear
Vehicle507,Bus,46.97212653506746,148.08396133685324,4.56445574957488,Snowy
Vehicle508,Car,41.47592767136295,61.67908259763077,4.588092663605889,Snowy
Vehicle509,Bus,71.3468217656706,41.737598014210334,2.9617489129326953,Clear
Vehicle510,Truck,27.96387495344517,56.71874203099133,3.799429365052064,Snowy
Vehicle511,Car,71.23849599769969,64.94863783984272,3.3458521380005277,Rainy
Vehicle512,Bus,66.82623733913749,95.51744809534853,1.8436555049112195,Snowy
Vehicle513,Car,98.19265955106312,15.997560792530635,2.7860288163730145,Rainy
Vehicle514,Car,73.25655455045448,70.14428955306599,2.3495911522969823,Snowy
Vehicle515,Truck,29.223138550988974,28.849130930408435,3.841014526909756,Clear
Vehicle516,Truck,73.76138058705172,55.96446551133502,3.3943673797081604,Clear
Vehicle517,Car,44.41888134988744,101.18276581387545,4.200445557136922,Clear
Vehicle518,Truck,75.41685087062795,190.40270017970715,3.0049744195100043,Rainy
Vehicle519,Bus,26.48368524773106,91.85027969642951,2.923271654410227,Rainy
Vehicle520,Car,53.09045533421976,134.78420602279294,3.263557727834281,Snowy
Vehicle521,Car,19.851471824890517,136.02203361138817,2.6245076382333683,Clear
Vehicle522,Truck,75.30862901664821,85.03192171995788,4.097706217393848,Snowy
Vehicle523,Car,88.18759714050104,147.09343155316031,2.983912465540197,Snowy
Vehicle524,Bus,50.35786384652668,154.9877313240765,4.1595208535755495,Clear
Vehicle525,Car,30.087636717852163,114.3114548290506,3.8274980108718473,Clear
Vehicle526,Car,77.37823794990268,80.32445154441456,4.175797138299753,Rainy
Vehicle527,Truck,38.561226623396294,125.22927546189818,3.231480891141494,Clear
Vehicle528,Car,51.413675212967235,54.24404687714565,3.767556827112803,Snowy
Vehicle529,Car,97.30412562625233,26.91442595828974,3.7142101167088937,Rainy
Vehicle530,Truck,43.03428199934568,117.87857658235404,3.338189825876112,Rainy
Vehicle531,Car,62.14628097758429,17.784348867006614,2.5064673323498723,Clear
Vehicle532,Truck,73.81665456946321,193.16486358441938,3.3890795432733793,Snowy
Vehicle533,Bus,44.52638858342169,130.62211065024826,3.0885872461990873,Clear
Vehicle534,Car,41.075897528629355,104.18496938723487,3.2689187931003807,Rainy
Vehicle535,Car,78.87097956023275,90.85908507601506,3.2549890401752197,Rainy
Vehicle536,Truck,68.16027213322113,109.52697477164439,2.4118859899662377,Rainy
Vehicle537,Bus,56.92113661241579,124.06863972069706,1.5071157022811907,Rainy
Vehicle538,Car,60.661653162399254,139.6088333371452,2.7745257849217326,Snowy
Vehicle539,Car,35.425955829353654,179.05422267779045,2.996397952577003,Clear
Vehicle540,Bus,30.340055135101647,93.1587119572305,4.455532617069151,Rainy
Vehicle541,Car,70.24402971351881,109.32107031234007,2.39059241747992,Rainy
Vehicle542,Truck,43.395190708672445,22.11256330390043,4.718819029871223,Rainy
Vehicle543,Truck,93.94337440392621,-16.1574002981355,0.7322179227565,Clear
Vehicle544,Truck,82.25133943474313,31.38124583525493,2.55845025772685,Rainy
Vehicle545,Bus,68.54523220332143,74.02188850149489,1.9690152860253096,Snowy
Vehicle546,Truck,65.73129249230952,139.10075210947153,2.243875409303038,Snowy
Vehicle547,Car,60.98381176003176,121.11788397154018,2.8390806809339315,Snowy
Vehicle548,Car,77.10963733453542,106.08870798779239,1.7454658275934474,Clear
Vehicle549,Bus,36.84195768686223,76.40615261625706,4.546933059465287,Clear
Vehicle550,Truck,43.53166597552212,77.37230584543914,3.46381011385945,Rainy
Vehicle551,Truck,42.97682018542203,168.70112700823307,3.3495067012996684,Clear
Vehicle552,Truck,75.16271376615633,25.54355532165208,4.1847347487158775,Clear
Vehicle553,Car,95.26727133802314,135.04446950944953,0.7540790400299207,Rainy
Vehicle554,Bus,58.16990458830156,54.35836494601317,3.4406594087376416,Snowy
Vehicle555,Truck,36.36466056201381,136.99310735544154,3.202763222911155,Clear
Vehicle556,Truck,51.57644463179444,48.24647246558952,2.301474758641872,Clear
Vehicle557,Truck,82.50651090354548,100.4129646124626,2.644357505011486,Snowy
Vehicle558,Truck,17.654649832302518,85.19440061950958,4.505026577052677,Snowy
Vehicle559,Truck,78.72507575890893,109.59906582922926,3.959183944405237,Clear
Vehicle560,Bus,37.800247534117375,182.5606986750539,3.0586369076749644,Clear
Vehicle561,Car,45.78831624990284,127.64811115069003,2.4821687670407204,Rainy
Vehicle562,Truck,45.24266942474682,134.48328206671363,2.2459216651490763,Clear
Vehicle563,Bus,55.63635892436714,104.32415403405312,3.1967413001196006,Clear
Vehicle564,Truck,71.43944681695666,193.77855477098927,3.129781628028152,Snowy
Vehicle565,Bus,85.54030374492795,110.86510046880834,4.931227332682422,Snowy
Vehicle566,Truck,58.12458778364373,108.28361707219263,3.062504384760331,Snowy
Vehicle567,Car,93.33444670296751,93.34164681093519,3.5834606148922084,Snowy
Vehicle568,Bus,71.72220392342093,84.37888730061506,2.742334733114402,Clear
Vehicle569,Truck,53.69403685122847,77.1340707054355,2.310598999363238,Clear
Vehicle570,Car,33.86648414911957,126.27141928399277,3.6822677748506223,Clear
Vehicle571,Truck,59.9179627832404,126.87496956368612,4.4311017993609365,Rainy
Vehicle572,Car,49.27134223796255,81.78001865443137,3.3962348428194002,Snowy
Vehicle573,Car,64.99126212613521,180.32818645955052,4.1719357638173,Snowy
Vehicle574,Bus,38.10220033674278,154.83054029489472,3.0399288860215736,Snowy
Vehicle575,Bus,72.89665749206972,65.30029790565713,2.836880261785056,Clear
Vehicle576,Truck,72.18361802786532,98.73046413993235,3.699214418762496,Clear
Vehicle577,Car,95.45460969251802,94.95172289619792,3.952927400038364,Snowy
Vehicle578,Car,36.290314850251384,110.39195279389294,2.9503173652201857,Clear
Vehicle579,Bus,48.2679774192734,88.3234854870538,0.8652270316844564,Rainy
Vehicle580,Truck,73.14979634657318,79.67021302639543,3.184986248655673,Rainy
Vehicle581,Bus,87.60835884451171,132.47894400820985,3.5793038294222432,Rainy
Vehicle582,Bus,48.71800064914305,141.3800966859958,0.6105146546245552,Clear
Vehicle583,Car,39.606909370145004,64.88443719106398,3.017920189871427,Rainy
Vehicle584,Truck,93.22107449527527,92.11627267093749,3.7491247378836996,Snowy
Vehicle585,Truck,68.91393283386618,160.13498672880777,3.566874561989164,Clear
Vehicle586,Bus,73.88675742237746,58.09641052048751,4.32348737121265,Clear
Vehicle587,Car,65.48459127031617,80.76922865553023,2.7084995460963706,Snowy
Vehicle588,Bus,62.585372668105386,44.90611984434495,3.588600509810848,Rainy
Vehicle589,Bus,67.1947661290944,100.61575449234854,3.2897839927385353,Snowy
Vehicle590,Bus,78.81806705196814,152.98026715464601,2.5151639871459164,Clear
Vehicle591,Car,57.40382952709186,205.8981162468063,2.2267054249310774,Clear
Vehicle592,Truck,36.60015583636954,104.24223895220213,2.8753015255498817,Rainy
Vehicle593,Bus,85.2009701908741,71.2088165379779,3.3176516673923313,Clear
Vehicle594,Bus,33.58740475721311,121.56003957551992,2.826129750173338,Rainy
Vehicle595,Truck,78.74074735290588,78.71792333526642,3.033032957706911,Rainy
Vehicle596,Truck,64.72022766236854,135.5303939231369,2.5195364411215815,Rainy
Vehicle597,Truck,87.16967955572801,14.408111119689522,1.7038550899299498,Clear
Vehicle598,Car,38.48189625144913,68.86987317383452,1.7925555684994792,Clear
Vehicle599,Truck,68.24355144934235,54.324395557046834,3.6833208336669454,Clear
Vehicle600,Bus,58.170775283552445,83.08486577278299,2.8158656604483565,Clear
Vehicle601,Truck,32.919532870373615,151.22796647533153,1.9219230870625061,Snowy
Vehicle602,Bus,78.04238474314276,202.65177917949643,2.6851520258225428,Snowy
Vehicle603,Car,46.13594404618465,18.38817932907871,0.7448178174960427,Rainy
Vehicle604,Truck,68.72945402610887,108.11598354688158,3.401090063041671,Snowy
Vehicle605,Bus,99.00352726118328,72.45234742202575,3.0663533205796343,Snowy
Vehicle606,Car,39.562599220088416,107.12452476398607,2.2688639015428422,Clear
Vehicle607,Car,89.24487313668804,96.56518535972698,4.013196484856745,Rainy
Vehicle608,Bus,56.02384850425128,98.67692734253164,3.565474051154196,Rainy
Vehicle609,Truck,64.08259639631656,149.97812796156964,3.4384864563467876,Clear
Vehicle610,Truck,44.6226122100107,117.33749322861784,3.1973922069008447,Rainy
Vehicle611,Truck,25.841599580299402,102.01186542926843,3.384931454479796,Clear
Vehicle612,Bus,84.49277102732611,81.60857637506213,3.1143800553635876,Clear
Vehicle613,Bus,46.65030710997593,84.44339743068834,5.027491057051908,Snowy
Vehicle614,Car,52.862072691987365,89.61212597263696,1.928303298542879,Clear
Vehicle615,Car,57.354274479514295,95.43203301043943,2.28366347675653,Snowy
Vehicle616,Car,31.622834364702097,188.32522743136207,2.930464042374979,Clear
Vehicle617,Car,63.33103375468778,35.60175388147859,1.8198398917993084,Clear
Vehicle618,Car,28.98551067767737,123.00372694920358,3.1040650595239216,Snowy
Vehicle619,Car,51.68505593030005,223.67898432988898,2.5426127872448654,Rainy
Vehicle620,Car,65.87163971555802,150.49345464576177,3.653952475409983,Rainy
Vehicle621,Truck,80.58436770057743,159.16319726927168,3.6324396748586905,Rainy
Vehicle622,Bus,92.35553797289526,179.57391307957045,3.257055354870882,Clear
Vehicle623,Car,63.14674573098511,109.1998351430981,1.601447280426622,Rainy
Vehicle624,Truck,78.02560208812618,32.58194756581416,0.9354721355014108,Rainy
Vehicle625,Truck,38.06630065387296,127.0628828696746,1.6323664382281888,Snowy
Vehicle626,Truck,102.53025637158822,136.29777247081012,4.166018757488605,Rainy
Vehicle627,Car,44.88142618449346,107.26905135957982,3.7183234030213947,Rainy
Vehicle628,Car,43.87574386773892,153.30671179855688,3.3793505238541233,Rainy
Vehicle629,Truck,71.13519422636969,143.63935899230103,1.8027355466641821,Rainy
Vehicle630,Truck,75.46204753159822,192.15457471033955,2.653708713741768,Clear
Vehicle631,Truck,63.62068837144107,58.74663172207141,1.2844440421136432,Rainy
Vehicle632,Bus,65.47230572713744,47.49433399320123,2.8357423200320024,Clear
Vehicle633,Car,47.288160408433974,161.82196071825183,3.1303778376254154,Snowy
Vehicle634,Truck,62.58819890286801,74.78713787027542,5.299056514241213,Snowy
Vehicle635,Bus,53.66944253299624,128.1048807242272,3.294490150892238,Rainy
Vehicle636,Car,49.18640103042052,245.3701970376744,3.8174218642141953,Clear
Vehicle637,Car,83.22880132678088,134.12237772937726,1.5761369782308283,Snowy
Vehicle638,Car,60.79998298528075,37.952774519646546,2.2711029885125793,Snowy
Vehicle639,Car,7.9301882483679265,43.01236170277281,1.9839547513405587,Clear
Vehicle640,Truck,70.00710900459819,126.61057402082713,2.2486862138559793,Snowy
Vehicle641,Truck,71.42136607563181,28.53354270285459,3.260876592126184,Rainy
Vehicle642,Car,52.361928538372034,124.9469688280681,3.07277993942831,Rainy
Vehicle643,Bus,58.60318932095383,126.4600647455181,3.4618914059079775,Rainy
Vehicle644,Bus,58.683472483881374,40.23195046610597,3.2590373348706843,Rainy
Vehicle645,Car,55.967156272881866,134.84225143178605,1.9364542051206852,Snowy
Vehicle646,Truck,57.7774370373947,148.08831509575703,3.985899533176348,Rainy
Vehicle647,Bus,65.91114425551152,144.32407213238918,4.567417334342997,Clear
Vehicle648,Car,42.14584529633717,49.57101704114998,2.146029024227018,Clear
Vehicle649,Truck,31.770811674440942,65.17397904613532,3.433483422072995,Rainy
Vehicle650,Truck,67.86302478706475,22.314904786359563,2.08483687768617,Clear
Vehicle651,Truck,52.263405653030645,133.0675658913675,3.285649419270284,Rainy
Vehicle652,Truck,76.02076347591014,60.31666470560087,2.2226472137878655,Clear
Vehicle653,Car,108.27105005880719,148.14618986783873,4.428381718435412,Rainy
Vehicle654,Truck,69.20227638134278,123.15364632550572,1.7203575295164875,Rainy
Vehicle655,Bus,68.1105504007056,118.77152962906152,3.23540361443127,Snowy
Vehicle656,Bus,60.31201121053671,148.31615463584794,3.902793676607594,Snowy
Vehicle657,Truck,57.47369678505594,108.49256615793826,3.4203399080423194,Snowy
Vehicle658,Bus,78.20684432243723,91.45158780643213,3.2952929795361987,Rainy
Vehicle659,Car,77.28919545052761,72.05056478670565,0.4799689888474825,Clear
Vehicle660,Bus,56.25352621994403,65.77408062392286,1.4365909227050162,Snowy
Vehicle661,Car,80.60181008123871,-17.969090203590696,2.2528177995277545,Clear
Vehicle662,Truck,47.08002861397925,76.19859297661445,2.809574265048264,Clear
Vehicle663,Truck,66.82235610188378,5.140061456239039,1.360597952821876,Snowy
Vehicle664,Truck,70.00361153175334,65.39089842633916,2.1732075306436527,Rainy
Vehicle665,Bus,77.23024702195596,147.0193697064956,1.7741971856883456,Snowy
Vehicle666,Bus,73.91518693738934,69.17471069954219,4.046335960336737,Snowy
Vehicle667,Truck,77.33927000272325,104.18604966455716,2.8941434871727774,Snowy
Vehicle668,Truck,49.36083259153884,55.81527360476888,2.8104291842245583,Clear
Vehicle669,Bus,15.031341689747933,124.58613061779221,3.7190421325530223,Rainy
Vehicle670,Bus,25.32866909337462,82.89565671332434,3.238213085793631,Rainy
Vehicle671,Truck,58.466178622680665,121.16414834267688,4.275878411020567,Clear
Vehicle672,Car,43.99212749055124,159.2098677196824,1.5277555448534919,Snowy
Vehicle673,Bus,51.02049833946475,31.182798867035018,3.824655107405808,Clear
Vehicle674,Bus,10.230839271584927,120.38329469297837,1.6401675875074884,Rainy
Vehicle675,Truck,69.71382411153621,195.1207692592485,2.7277428465420246,Clear
Vehicle676,Truck,83.92860356679435,96.87320438365796,3.347251345147259,Clear
Vehicle677,Bus,65.34144452385698,122.88350090359374,2.9078731765608414,Snowy
Vehicle678,Bus,76.04106332123231,1.7810358235675068,3.4382013521804256,Rainy
Vehicle679,Car,51.56706634214585,5.744744317330657,2.724798641138011,Rainy
Vehicle680,Bus,55.15769659059676,3.068300593805546,3.151463556314729,Clear
Vehicle681,Truck,57.85980064561732,157.2166190106828,3.5531782142166524,Rainy
Vehicle682,Car,72.70803289623429,148.87124947026365,3.603146362175977,Clear
Vehicle683,Bus,58.64101004223304,62.35507657234857,4.173805509878484,Clear
Vehicle684,Bus,66.1216333151169,76.21894842786709,2.5251182364324394,Snowy
Vehicle685,Bus,71.79931480307351,62.38650404688067,2.8343879464486785,Snowy
Vehicle686,Car,61.054644301972246,40.52208713177404,3.265376443388969,Snowy
Vehicle687,Truck,39.50654059938137,237.57514017287352,2.9334190993175473,Snowy
Vehicle688,Truck,62.21261692019501,38.81555842644845,4.2058338311355445,Snowy
Vehicle689,Bus,106.02497680841769,92.03550518902368,3.5140312337286264,Clear
Vehicle690,Car,73.74583716067508,53.25177798336899,2.47902649782363,Rainy
Vehicle691,Truck,42.484913011530935,138.7262072467048,2.3145938202258045,Snowy
Vehicle692,Bus,77.58418967253385,73.90174491170708,1.7114439279096052,Clear
Vehicle693,Car,88.78153118298229,20.293514126281593,1.6216768314494867,Clear
Vehicle694,Bus,73.98450998280458,77.50393580028361,1.8083947588491733,Rainy
Vehicle695,Truck,55.36669062324625,42.16463760186725,4.7076026683163485,Clear
Vehicle696,Truck,48.090193556986954,74.04549094081635,3.3512598890364584,Rainy
Vehicle697,Car,86.69911073008416,43.89756568796719,2.4939947701914913,Snowy
Vehicle698,Bus,81.78069206134049,69.59703632562828,2.4440773019955353,Rainy
Vehicle699,Car,88.33500741113669,88.7428165265872,3.534814716200844,Snowy
Vehicle700,Bus,73.20006392379842,3.1321994904538712,1.193781386939526,Clear
Vehicle701,Bus,93.49285095054137,100.06651782936696,2.5129649102302114,Clear
Vehicle702,Bus,73.98006411711495,165.08401704344953,3.7938991472313437,Rainy
Vehicle703,Truck,57.442054856629596,206.72795818922322,2.913384474194316,Rainy
Vehicle704,Truck,56.06516464554171,51.097333636220505,1.9006626495472312,Rainy
Vehicle705,Truck,49.6148131659976,140.0321907121388,1.472019022148553,Clear
Vehicle706,Bus,25.144836399635075,142.97258403836977,2.9719967725982825,Clear
Vehicle707,Bus,41.56428454732716,64.08152590893441,2.5659116193056657,Rainy
Vehicle708,Bus,28.813740656986134,131.42623443436395,2.139383614336968,Rainy
Vehicle709,Bus,52.57291410207687,142.3706139715551,1.9684648051761857,Rainy
Vehicle710,Truck,33.47134183490772,65.21619521214691,2.152605799205242,Snowy
Vehicle711,Bus,25.641448176296947,12.745126335954353,2.5274562758817076,Snowy
Vehicle712,Car,100.83019909763775,126.6409450057614,2.2492911453408744,Clear
Vehicle713,Car,74.01973872184956,33.46382299597687,4.057597162471967,Clear
Vehicle714,Truck,22.40888830262505,23.901277990240004,2.7425640622483756,Snowy
Vehicle715,Truck,52.42975339996564,124.65883228174802,2.618254745220607,Clear
Vehicle716,Bus,55.53429971997678,127.7641571652491,3.2183198192986495,Clear
Vehicle717,Bus,24.461448696446247,143.30790273413913,2.9216308568286777,Clear
Vehicle718,Car,64.95006934752622,51.75933511255778,4.619516324080379,Rainy
Vehicle719,Bus,60.42155267213188,119.6968628342413,4.489437390246794,Clear
Vehicle720,Car,61.42719821687064,131.5408125171249,1.2199109731274838,Rainy
Vehicle721,Car,60.0468679166296,206.44044049120316,4.280828630456949,Rainy
Vehicle722,Bus,54.46539785411895,40.39160676887729,3.4453057300557632,Rainy
Vehicle723,Car,55.74626158185968,73.31173341350683,3.134138874085433,Snowy
Vehicle724,Car,38.300671987053,148.13001082132718,4.300833670307611,Clear
Vehicle725,Car,83.0424341211847,150.89846201943678,3.4949835945880174,Clear
Vehicle726,Bus,70.99561245202699,116.00341121167223,3.7256912817793477,Rainy
Vehicle727,Truck,75.5592638872168,115.5232659917609,3.45983510608325,Clear
Vehicle728,Bus,64.80691998179859,71.17497409742683,3.9471406120640182,Snowy
Vehicle729,Truck,58.56548784443693,127.19339154712695,2.4449023754611194,Rainy
Vehicle730,Bus,57.334295592304976,59.525266070181424,3.222352054566322,Snowy
Vehicle731,Truck,61.11499682887917,115.13942758230635,3.7863572897259354,Snowy
Vehicle732,Truck,58.18618436965215,-13.430839281791279,3.8602566325670296,Rainy
Vehicle733,Bus,61.366506366201214,79.14122279230071,2.6243505622131584,Clear
Vehicle734,Car,61.67628335877746,166.2665134674066,3.341462497875012,Clear
Vehicle735,Truck,57.75335589870324,32.60063731571563,2.5981349006779686,Clear
Vehicle736,Car,70.76247624434608,73.3560929844617,5.376517795394907,Snowy
Vehicle737,Bus,62.08268337784308,114.7234649159953,3.735621904927501,Snowy
Vehicle738,Car,54.63660014315762,99.78783297360039,3.512047981087893,Rainy
Vehicle739,Bus,67.755745843227,70.48809636634014,3.4301196525611637,Rainy
Vehicle740,Bus,99.0540217023262,112.55174380362881,2.036501567865156,Rainy
Vehicle741,Car,62.26687595714663,168.8475835591933,3.76850835025147,Snowy
Vehicle742,Truck,88.44808019509311,134.702744949684,3.722188288161491,Clear
Vehicle743,Truck,54.36103085693147,79.09936355635492,3.101914416619258,Snowy
Vehicle744,Truck,67.28705746894782,31.242751208226665,2.338962243445178,Snowy
Vehicle745,Car,77.19261854482052,43.18445333812926,2.531524327533374,Rainy
Vehicle746,Bus,46.286308308504445,65.54157229144695,1.5016565805072466,Rainy
Vehicle747,Bus,56.10316464239,66.44683722892759,3.6874115300878527,Snowy
Vehicle748,Car,49.38141767017134,91.877741750642,3.159728673875759,Clear
Vehicle749,Bus,48.251438669726525,158.92956075553604,2.7541349483438,Rainy
Vehicle750,Car,83.12434747045828,127.23000712064736,2.851789207578994,Clear
Vehicle751,Bus,56.00303360711529,0.6311696328735792,4.129241710693917,Snowy
Vehicle752,Truck,60.96623900023908,115.92191061330476,0.9819961589086046,Snowy
Vehicle753,Bus,49.749493585375646,70.06895905632845,3.4366041327177035,Clear
Vehicle754,Bus,82.74466229834309,65.35487249442697,5.065835443027317,Clear
Vehicle755,Car,60.57165407416322,95.35843841119619,3.0674075821492286,Rainy
Vehicle756,Truck,63.28795064441138,15.269029205382694,3.5531302688204343,Snowy
Vehicle757,Truck,52.17948309027155,160.10694133960513,3.5802397635730516,Clear
Vehicle758,Car,82.38613233149997,108.68933884580059,2.260765158598086,Rainy
Vehicle759,Truck,59.0005820966969,33.31651870791961,2.220161886893647,Rainy
Vehicle760,Car,49.25341902260244,82.59759355497265,1.6699561620525736,Snowy
Vehicle761,Truck,35.55846060594527,96.66317839078935,1.4213794647366722,Snowy
Vehicle762,Car,79.76819915130447,23.398465888176517,1.1374092061646155,Snowy
Vehicle763,Bus,36.556291590826675,107.10039842556968,5.473237979775139,Clear
Vehicle764,Bus,108.57431638182507,76.87239637591055,1.5183329122911584,Clear
Vehicle765,Bus,36.48095488434345,38.94559189210869,4.441798755585884,Snowy
Vehicle766,Truck,47.47459126340331,34.171108948914636,1.34573087195571,Snowy
Vehicle767,Truck,84.75342173956446,114.39831040142342,3.957195758029257,Snowy
Vehicle768,Car,65.96768763588032,108.3597800777798,2.35822672305042,Rainy
Vehicle769,Truck,53.96794521967582,96.93793471960443,2.6978451148172056,Snowy
Vehicle770,Bus,66.16517062391445,108.14736925282344,2.7939641064907224,Snowy
Vehicle771,Truck,45.65346596335203,35.901688637964,3.690871528619823,Clear
Vehicle772,Truck,74.58370783282206,106.91109780196155,3.9648814211986183,Rainy
Vehicle773,Bus,68.93844656091775,1.7663075302454416,3.3002450305853483,Snowy
Vehicle774,Bus,65.07764898493036,145.41645234039123,3.35946977028325,Clear
Vehicle775,Bus,47.6400700449671,15.1693273668173,3.6926632947925113,Rainy
Vehicle776,Car,60.803629577869906,79.23989271006751,3.5536854964219464,Rainy
Vehicle777,Bus,35.180015087332514,67.00960996523634,3.8741229188883244,Rainy
Vehicle778,Car,77.6217444274552,82.44102108866173,3.550966469638522,Snowy
Vehicle779,Car,25.628344591000584,16.97995072576613,3.5842495142358843,Snowy
Vehicle780,Bus,65.80411185327755,191.9163471643065,2.9547350571178024,Rainy
Vehicle781,Car,28.567426746705962,128.4021793101886,1.3911178492937843,Rainy
Vehicle782,Truck,38.37759746953961,90.21689639701249,4.46226821323574,Clear
Vehicle783,Bus,69.86987598806071,162.06573955412983,2.3962279200904124,Clear
Vehicle784,Truck,55.78058326138202,110.46295936300737,3.845744337480447,Rainy
Vehicle785,Bus,31.35419614069644,52.810571309068045,1.6809481650779101,Snowy
Vehicle786,Truck,64.28334518573485,169.43049031409902,2.832993098006159,Rainy
Vehicle787,Car,50.690319760478495,70.46005093241598,4.35376266999715,Rainy
Vehicle788,Bus,82.71365267500872,51.94522788919539,3.3161291364175995,Snowy
Vehicle789,Truck,62.62783163238226,143.3986573220798,3.7593902879573937,Clear
Vehicle790,Truck,91.10429368051592,110.05898688922382,2.3917339281053147,Clear
Vehicle791,Car,82.64269813720175,136.61390009142778,2.6485616321089784,Snowy
Vehicle792,Truck,71.07378361047753,145.77750250226003,1.7458950979331596,Snowy
Vehicle793,Bus,41.55875623953296,88.92195032763247,2.418537151477981,Rainy
Vehicle794,Bus,79.38693648913522,75.11513674774275,3.210257498885516,Clear
Vehicle795,Truck,69.33370200796924,56.55801385895375,2.506101537437161,Snowy
Vehicle796,Bus,59.42326449035577,5.3393388650292195,2.778852935988949,Snowy
Vehicle797,Truck,66.70175937757449,59.783391815033234,4.882592295375023,Rainy
Vehicle798,Truck,70.04888161555222,114.49156502681349,3.218994892809363,Snowy
Vehicle799,Bus,51.469972926085205,49.60083823133774,3.2855825254115967,Snowy
Vehicle800,Bus,66.64236550173929,149.8216590093135,3.1830351928013707,Snowy
Vehicle801,Bus,27.943375452598538,38.69875676254026,3.5256718966910814,Snowy
Vehicle802,Bus,86.23398925047937,5.191209647522214,1.6368387314630204,Clear
Vehicle803,Car,80.7335852683003,99.89577657300926,1.581629427237376,Snowy
Vehicle804,Truck,23.757156678093054,100.32461710098384,4.273700828802553,Snowy
Vehicle805,Truck,50.432042682888536,95.86885205073754,2.0812165948593835,Snowy
Vehicle806,Bus,69.6100287916109,61.143836708436794,1.9868640828560202,Rainy
Vehicle807,Truck,60.2911150655562,192.01282175841985,1.9966060106933956,Rainy
Vehicle808,Bus,78.35840699158283,55.43111441685781,1.981543330203206,Clear
Vehicle809,Truck,59.08340610677368,93.28930443653645,3.5860142620904547,Clear
Vehicle810,Truck,90.83020626970405,93.22291767551114,2.169145143704528,Snowy
Vehicle811,Car,15.813822631112544,133.5241733611767,2.292221386197135,Clear
Vehicle812,Car,81.46982490294548,133.47184527620746,3.2156134357866923,Snowy
Vehicle813,Truck,100.50844532586169,137.68173726475905,2.6450672606205656,Rainy
Vehicle814,Car,95.93982523846213,163.59348323887306,2.2298915325390927,Clear
Vehicle815,Truck,56.73393698275294,39.93475084527888,1.6590703584653823,Clear
Vehicle816,Bus,50.47846961026545,72.57720594973895,3.4379515591722654,Snowy
Vehicle817,Bus,58.48216095812245,20.213595761896002,2.827657892371949,Clear
Vehicle818,Bus,58.83077529401674,73.49199472144686,3.3220732637890524,Snowy
Vehicle819,Bus,37.41325891356497,105.78143616322608,1.162942677057517,Snowy
Vehicle820,Bus,75.36106868236118,53.24031507597674,2.2860795638858447,Clear
Vehicle821,Bus,28.028355586007812,-63.87789589746524,3.223772794355565,Rainy
Vehicle822,Car,28.068700772671225,163.95246667264382,3.3492815711660544,Clear
Vehicle823,Car,49.032561325640074,134.0498459299548,2.4177256912844594,Snowy
Vehicle824,Car,59.593711995159964,66.02031314442715,2.6768371400193747,Rainy
Vehicle825,Car,12.063890247940307,68.2445502844142,2.3671904537089414,Rainy
Vehicle826,Truck,83.32109740573577,94.22684894441426,1.9021005929094548,Snowy
Vehicle827,Truck,61.48967643166884,-15.201183332470961,2.0616800473603023,Snowy
Vehicle828,Bus,21.748960963278066,14.093704903856164,3.504228728143563,Rainy
Vehicle829,Bus,44.87134140823389,28.621649738398318,1.7595161191326432,Snowy
Vehicle830,Bus,71.40067269773725,101.73718575610879,4.2626741896088856,Snowy
Vehicle831,Bus,65.32898515345377,105.33702289329997,4.8136302810030855,Snowy
Vehicle832,Bus,37.54174322582951,122.07161236968389,2.868932971386528,Rainy
Vehicle833,Truck,45.40392077035398,155.1862820428257,3.2293084023800254,Clear
Vehicle834,Bus,91.13911267004138,99.68383772441977,4.512285052788028,Rainy
Vehicle835,Truck,46.27361724295132,78.11601961551833,3.4267128519451604,Snowy
Vehicle836,Truck,42.054520230823385,134.19055843847923,3.048635223930763,Clear
Vehicle837,Truck,52.80916365407285,93.96475699534658,2.616620916272053,Clear
Vehicle838,Car,75.78687638223353,116.36566074827158,4.198023613243165,Clear
Vehicle839,Car,80.54655063896948,34.5901964813669,1.9958910323136976,Rainy
Vehicle840,Truck,71.87828026385849,49.7912296960594,2.094730833298534,Snowy
Vehicle841,Car,58.397261760204394,115.40149226087097,1.82604857325416,Clear
Vehicle842,Car,57.783722635528136,115.463601284871,4.860211400809558,Snowy
Vehicle843,Bus,46.55158595486343,80.09995092051145,2.6313737861890085,Rainy
Vehicle844,Bus,65.15538542216811,-37.851892814470716,3.4268862943825296,Snowy
Vehicle845,Truck,54.645392995436595,126.57473671683938,2.747008670078809,Snowy
Vehicle846,Truck,41.999469789318006,130.75783029302073,3.8594106527673695,Snowy
Vehicle847,Truck,50.79419817729385,145.40372185295374,3.9453733774836284,Snowy
Vehicle848,Bus,47.84593355898232,147.2295762581707,4.266883921429662,Clear
Vehicle849,Car,72.50550836724113,198.392232336747,2.9378663696378653,Clear
Vehicle850,Bus,65.74534359465501,125.84272799657273,4.378996463761902,Snowy
Vehicle851,Bus,63.386666147060005,163.07857276660533,4.161969354173269,Rainy
Vehicle852,Truck,78.88425324811976,247.00100364423812,1.893074568309634,Rainy
Vehicle853,Bus,115.31542738763463,66.14983177787374,4.297429208620752,Clear
Vehicle854,Bus,61.88195649248177,163.09681254707277,2.829854735108807,Clear
Vehicle855,Car,25.41752888937102,190.83485643981976,3.2733365100650533,Rainy
Vehicle856,Truck,75.07837192295919,185.78144508478533,3.3671344632233415,Rainy
Vehicle857,Car,61.93310536311487,208.7519763683685,2.4684674494270045,Clear
Vehicle858,Truck,66.30424313052704,140.52718487971757,2.9291036826227876,Rainy
Vehicle859,Bus,37.787831436092716,102.75829248948025,3.9610678212636214,Clear
Vehicle860,Truck,69.14719767407436,64.8013167991981,5.493611008718954,Snowy
Vehicle861,Car,77.71119174462324,69.7519108521397,4.807196452734851,Snowy
Vehicle862,Car,84.18300102913251,158.61194275199313,2.353203165148744,Clear
Vehicle863,Car,57.90206986619058,60.71070317441575,3.274434116539128,Rainy
Vehicle864,Bus,62.3402357253656,123.60038084457503,4.518326808657956,Rainy
Vehicle865,Truck,89.95330434585685,68.34757497525175,2.6496926374888456,Clear
Vehicle866,Car,73.78868928402389,133.0882134560023,2.556865087776507,Clear
Vehicle867,Bus,38.863550065315536,124.59723959436855,3.956339670208469,Snowy
Vehicle868,Car,69.00710610380257,139.86189015653292,5.238553563047359,Snowy
Vehicle869,Truck,43.21703586590341,104.70623310870322,2.417679497250793,Rainy
Vehicle870,Car,62.85018340601253,110.08752310127952,3.2972175000279242,Snowy
Vehicle871,Bus,54.986364328989495,123.88925421667577,3.8250842830047045,Rainy
Vehicle872,Truck,92.50223751109937,87.20002886488778,4.362339402797996,Clear
Vehicle873,Truck,82.70069839312967,160.92359278455075,2.6718360628522917,Clear
Vehicle874,Truck,60.61867204307896,115.07706724074387,3.25141831779658,Clear
Vehicle875,Bus,57.83875204171252,34.315712933963994,2.1973148310630894,Clear
Vehicle876,Bus,75.62816889560267,74.67255266584576,2.6514767478843115,Rainy
Vehicle877,Car,43.77447029735393,106.42554244599629,3.770218113862864,Rainy
Vehicle878,Car,28.29521217165145,140.58620707144502,0.7122673901376442,Snowy
Vehicle879,Bus,71.13300530334628,155.51963119390018,3.99720116205322,Clear
Vehicle880,Truck,74.62740059361157,64.0904680640459,1.966087507054007,Snowy
Vehicle881,Truck,48.968763955763876,78.47692359798516,3.5406154804423933,Clear
Vehicle882,Car,67.78123398757577,74.51384709609961,2.7350508772527986,Snowy
Vehicle883,Truck,39.38351929475587,82.73514942247103,1.7078474797831318,Rainy
Vehicle884,Car,65.35036554868874,173.70515115464454,3.855161664505595,Snowy
Vehicle885,Truck,43.152444255670325,141.2885332901247,2.7496017248627114,Rainy
Vehicle886,Bus,36.592695244857495,123.10852811664074,3.119032096925796,Clear
Vehicle887,Truck,57.94126009216355,146.57896362171198,2.8880685506136374,Rainy
Vehicle888,Car,69.4333080348931,85.85136574238695,4.344630156635242,Rainy
Vehicle889,Truck,66.31717060584033,23.147758359919507,3.4687714391054567,Snowy
Vehicle890,Car,75.9979184249953,123.54371744127893,2.0159642576601993,Clear
Vehicle891,Bus,54.4679661906471,24.822085157602785,3.7388357156666765,Clear
Vehicle892,Bus,51.305392785681256,45.19178469240628,1.3372639141961726,Clear
Vehicle893,Bus,48.65806350699988,131.8118160076583,2.6099139299834575,Rainy
Vehicle894,Car,56.22440414510639,70.86772167154821,3.033633073375326,Rainy
Vehicle895,Bus,59.239892422770346,84.89800479146137,3.601531618713297,Rainy
Vehicle896,Bus,24.89438534606515,137.73099742618348,1.547845606895617,Clear
Vehicle897,Bus,91.11764909974212,84.13151395275496,2.666385160677895,Rainy
Vehicle898,Truck,54.837833654229485,3.578389001310981,0.7421306135658781,Rainy
Vehicle899,Car,85.43527221376132,76.13593735699742,2.0260827950624547,Rainy
Vehicle900,Bus,62.89189626656543,172.22911400911613,2.342161429062993,Clear
Vehicle901,Car,32.57691891847597,125.46916371226703,2.0511030445460765,Clear
Vehicle902,Truck,53.721282231485176,69.01768815007011,2.61373814386061,Snowy
Vehicle903,Car,57.439829306082814,39.46493841240256,2.0939104146354284,Clear
Vehicle904,Car,68.36789602695802,113.5811040730112,1.6574751063997444,Snowy
Vehicle905,Car,45.58491624547224,96.39306854017599,2.0034012024437575,Rainy
Vehicle906,Truck,67.41955993199393,95.90717068762015,2.7257066034116653,Snowy
Vehicle907,Car,29.07421520844675,78.91983582559182,1.9533499080902008,Clear
Vehicle908,Truck,39.52567953039127,50.696467190175895,5.402846926695685,Clear
Vehicle909,Truck,66.7273783148755,121.07859499683761,2.2052434395303,Rainy
Vehicle910,Bus,46.920854034362186,164.9689269271148,1.3858178245648045,Rainy
Vehicle911,Car,47.03607489012856,104.45086626185785,2.4676383106729425,Rainy
Vehicle912,Truck,50.482494214862584,46.8800248695431,2.49519157936857,Clear
Vehicle913,Truck,81.18694875156108,1.299270562797929,3.2531449348978816,Snowy
Vehicle914,Car,93.38682927744813,180.43814763695002,3.621374186945734,Rainy
Vehicle915,Bus,56.814418191404286,89.94563839066703,2.134578332154654,Rainy
Vehicle916,Bus,50.963742376880724,64.40294426680546,3.192545509884569,Snowy
Vehicle917,Car,37.27182682575377,135.0563042051163,2.893277673867629,Clear
Vehicle918,Truck,58.17431947472963,162.15631932389715,2.071196882132874,Clear
Vehicle919,Truck,47.57570859762879,186.92343525749834,2.4641379312860385,Snowy
Vehicle920,Bus,67.00151164161224,106.0653321595228,2.7645924039135132,Clear
Vehicle921,Bus,71.13012371617624,144.6297425666378,2.9676597248808982,Clear
Vehicle922,Truck,61.426656952766855,135.69151916103488,2.6451754177821707,Rainy
Vehicle923,Car,39.88382251029215,145.45537842754996,3.6637637267088183,Rainy
Vehicle924,Car,51.772871591333995,91.19059919532118,2.9666171053801498,Rainy
Vehicle925,Bus,44.123190967325954,101.05274594851599,3.611061218867323,Snowy
Vehicle926,Car,26.79940042036322,159.08026627944847,5.433177528559957,Rainy
Vehicle927,Truck,57.06050597501487,156.8456260349508,3.9145842719954462,Rainy
Vehicle928,Truck,41.80220739087182,233.2872364223751,1.915956843274315,Rainy
Vehicle929,Bus,60.04209204589663,146.61137700176909,2.5933604843512965,Rainy
Vehicle930,Bus,45.931127916401095,148.42185928677958,1.1243568894248879,Clear
Vehicle931,Car,66.39725218585971,184.97190084930241,3.250208517280865,Rainy
Vehicle932,Bus,77.6430354904705,53.45498912965084,3.565975969321228,Snowy
Vehicle933,Truck,34.82295336235734,59.47910129823568,3.883486442966725,Rainy
Vehicle934,Truck,81.08525964304182,83.70021419481023,2.5717352869992127,Rainy
Vehicle935,Truck,72.97333498382226,205.14426566464985,3.1204446525799163,Clear
Vehicle936,Car,49.48128696411433,133.39407717867715,2.0575303564621903,Snowy
Vehicle937,Car,60.79095426044279,91.74918359906361,0.9735334823710757,Clear
Vehicle938,Car,15.225559250830479,180.62463568872306,3.559264632101049,Clear
Vehicle939,Bus,91.06827406311416,136.41409809964628,2.776143530574168,Rainy
Vehicle940,Bus,42.219654082531356,187.79831706561697,0.41224506754287216,Clear
Vehicle941,Bus,51.305760869316714,82.31243706742711,3.7611172973898244,Clear
Vehicle942,Car,82.42712427592946,89.26215697882202,2.481851637634179,Clear
Vehicle943,Truck,50.58205280066287,102.94043891651191,1.234784948126904,Clear
Vehicle944,Car,75.45384136892838,-2.154578652002286,4.418432530871145,Clear
Vehicle945,Car,82.10358997168473,119.42022928161818,3.0640212688187325,Clear
Vehicle946,Truck,24.534849464254165,151.65292285740534,2.605613378408955,Rainy
Vehicle947,Bus,50.83908832141054,147.68068879277996,2.6538869712284194,Clear
Vehicle948,Bus,59.21519492516167,111.91448074091363,1.4878797841609508,Rainy
Vehicle949,Truck,66.36702511512361,107.42227199890726,2.0853401144844828,Clear
Vehicle950,Bus,78.5281161923071,111.99978233782852,3.63542135597401,Snowy
Vehicle951,Bus,48.66396552274211,154.9812982612465,3.198950685836162,Clear
Vehicle952,Bus,85.11565873770262,101.42948864661714,3.4988354970825157,Clear
Vehicle953,Car,99.09805161793096,95.738543042684,2.798367091903875,Snowy
Vehicle954,Truck,52.40216740434229,71.5371392588242,4.396551474327929,Clear
Vehicle955,Car,58.535593752937665,34.090874616990035,4.807987143612738,Rainy
Vehicle956,Car,82.58265552692464,99.22719330540082,2.412416388230366,Clear
Vehicle957,Truck,87.67878424327844,107.64437462174567,4.807238531439884,Snowy
Vehicle958,Bus,97.47504525824972,137.83947042696246,3.4114761957243,Rainy
Vehicle959,Truck,91.71177639698524,141.417708269397,3.3478472438392184,Rainy
Vehicle960,Bus,98.43171386819155,134.89455131780778,1.7776152549413826,Snowy
Vehicle961,Car,77.99933324047251,133.17421091917313,2.297775505334248,Clear
Vehicle962,Truck,85.60173393629803,94.15810567429438,3.4265214490941447,Snowy
Vehicle963,Truck,54.77445799788625,117.16174869065065,1.986157362919298,Rainy
Vehicle964,Car,62.62181570613143,92.67551630578393,1.240826787714407,Rainy
Vehicle965,Bus,82.13620842189047,128.20333454615988,1.753128399939796,Clear
Vehicle966,Car,91.59816063822785,97.49645468070557,1.6697223496574847,Clear
Vehicle967,Bus,76.43382160996768,92.9251100492917,0.8683476131211019,Clear
Vehicle968,Bus,65.80450124617747,45.66216522781074,0.7429685211675134,Rainy
Vehicle969,Truck,57.78514184847634,170.3652720508374,4.1623943043520395,Clear
Vehicle970,Car,77.09287622080436,63.53156135180813,2.1971755675541345,Clear
Vehicle971,Car,63.43828627336466,142.28731526163781,4.189194022266519,Clear
Vehicle972,Bus,69.55977070837281,211.6260658105564,3.4422065574160547,Clear
Vehicle973,Bus,56.04865741859187,113.09324055440939,2.32414065147914,Snowy
Vehicle974,Car,57.33557860547651,68.04045345211622,3.2610849106470168,Clear
Vehicle975,Truck,84.32669316769902,48.73980508050547,2.9603981436909925,Snowy
Vehicle976,Truck,66.94181192764985,73.27566673051754,2.9203732192165655,Rainy
Vehicle977,Bus,83.76314333769037,94.38174865501544,3.575714375626733,Rainy
Vehicle978,Bus,75.18926807921889,151.68415043504098,2.698621148394544,Rainy
Vehicle979,Truck,45.00228029541446,154.38413439618924,2.4214994845756808,Clear
Vehicle980,Car,75.3263130650641,122.93396170641947,5.227438601065325,Clear
Vehicle981,Bus,39.16560521747171,108.30807721600644,2.677244085313654,Snowy
Vehicle982,Car,58.94364014219955,116.31469300528825,4.990902570352056,Clear
Vehicle983,Bus,47.78881796769744,49.33179398822949,2.1437352471388094,Snowy
Vehicle984,Bus,86.21888309019504,26.644471348080316,2.896161373457075,Clear
Vehicle985,Bus,64.95220022435018,79.5933889387567,3.0003445946218705,Rainy
Vehicle986,Truck,47.67630064855442,55.38309802002539,2.239162348894233,Snowy
Vehicle987,Car,81.59206477647649,138.60708857093192,3.9089877997130413,Rainy
Vehicle988,Truck,38.59368146204546,232.36754416175128,3.2505877614811385,Rainy
Vehicle989,Car,42.71169856579901,145.05038477750227,2.1745852988862096,Rainy
Vehicle990,Bus,43.676058361127616,96.88504778676669,4.038936559276817,Rainy
Vehicle991,Bus,51.43492525486409,132.28063248156673,2.7883716343719644,Rainy
Vehicle992,Car,52.07585702517569,149.20612119298724,1.7032985924672428,Snowy
Vehicle993,Bus,51.023044991332235,33.30572718735068,3.715553729936206,Snowy
Vehicle994,Truck,26.15263279801453,38.86930430158194,3.9711696833170764,Rainy
Vehicle995,Car,59.11957168625329,150.2161761838887,0.9169119915144894,Snowy
Vehicle996,Bus,77.432887016042,152.47716894868245,4.633435815574786,Rainy
Vehicle997,Truck,39.97778094353798,108.36656861843102,3.0138721661555627,Clear
Vehicle998,Car,59.038080073052754,128.4406121682246,3.2839861867646847,Rainy
Vehicle999,Car,101.6942942208388,86.63598481535466,3.1805448152528024,Snowy
Vehicle1000,Car,69.45635756532238,213.21231980974846,1.9857954265176763,Snowy
